Workbook

Sheet Resumen
A1: Reparto provisional W26 — otras temporadas
A2: Resumen ejecutivo · stock a 9 de septiembre de 2026
A4: Alcance de este plan
A5: Incluye | B5: CAMISA, POLO, JERSEY, CAMISETA, PARKA, SUDADERA, CARDIGAN (Adulto/Hombre)
A6: Excluido por ahora | B6: PANTALÓN (llega de proveedor), complementos/calzado (bufanda, gorro, zapato, trench, polar, bota) y NIÑO — decisión de Leyre, pendiente de categorización de diseño
A8: Cifras clave
A9: Artículos W26 de adulto en riesgo (en el alcance de este plan) | C9: =COUNTA('Riesgo ADULTO'!C6:C56) -> 51
A10: — de los cuales sin sustituto propuesto todavía | C10: =COUNTBLANK('Riesgo ADULTO'!F6:F56) -> 0
A11: — de los cuales sin sustituto válido en el pool actual (GAP real) | C11: =COUNTIF('Riesgo ADULTO'!F6:F56,"SIN SUSTITUTO*") -> 2
A12: Referencias del pool de sustitutos disponibles (todas las familias cubiertas) | C12: =COUNTA('Pool sustitutos'!B5:B108) -> 104
A13: Referencias del pool con aviso de stock bajo (⚠) | C13: =COUNTIF('Pool sustitutos'!L5:L108,"⚠*") -> 28
A14: Tiendas en el maestro (CAT TIENDAS) | C14: =COUNTA('Tiendas por tramo'!A14:A49) -> 36
A17: Cómo leer esto
A18: 1. 'Riesgo ADULTO' es el checklist de lo que falta cubrir hoy — para cada fila hay que elegir un sustituto del 'Pool sustitutos' de la misma familia.
A19: 2. 'Pool sustitutos' es el inventario ya categorizado (A/B/C) y ya asignado a tramo de tienda (A.1/A.2/B.1/B.2/C.1/C.2), con el stock disponible por tienda calculado.
A20: 3. La columna AVISO marca las referencias cuyo stock por tienda y talla es inferior a 1 unidad — riesgo real de rotura en ese tramo.
A21: 4. 'Tiendas por tramo' es la tabla de tiendas y su categoría, de donde salen los recuentos usados en las fórmulas.
A22: 5. Quedan fuera de este plan (ver arriba): Pantalón, complementos/calzado y Niño — pendientes de decisión.

Sheet Tiendas por tramo
A1: Tiendas por tramo — tabla base
A2: Nº tiendas por tramo (CAT TIENDAS) y alcance acumulado (regla: el tramo .2 llega también a las tiendas .1)
A4: TRAMO | B4: Nº TIENDAS EN EL TRAMO | C4: Nº TIENDAS QUE RECIBEN EL ENVÍO (acumulado) | D4: DESCRIPCIÓN
A5: A.1 | B5: 4 | C5: 4 | D5: Solo las 4 tiendas A.1 (top de la categoría A)
A6: A.2 | B6: 4 | C6: 8 | D6: Las 4 tiendas A.2 + las 4 A.1 = 8 tiendas (toda la categoría A)
A7: B.1 | B7: 7 | C7: 7 | D7: Solo las 7 tiendas B.1
A8: B.2 | B8: 5 | C8: 12 | D8: Las 5 tiendas B.2 + las 7 B.1 = 12 tiendas (toda la categoría B)
A9: C.1 | B9: 3 | C9: 3 | D9: Solo las 3 tiendas C.1
A10: C.2 | B10: 12 | C10: 15 | D10: Las 12 tiendas C.2 + las 3 C.1 = 15 tiendas (toda la categoría C)
A12: Detalle de las tiendas (categoría / subcategoría):
A13: TIENDA | B13: DESCRIPCIÓN | C13: TIPO SURTIDO (A/B/C) | D13: SUB CAT (tramo)
A14: 1 | B14: JEVASO | C14: A | D14: A.1
A15: 2 | B15: JJ | C15: B | D15: B.1
A16: 7 | B16: PALMA | C16: C | D16: C.2
A17: 8 | B17: POZUELO | C17: A | D17: A.1
A18: 10 | B18: SEVILLA | C18: C | D18: C.2
A19: 12 | B19: CASTELLANA | C19: A | D19: A.1
A20: 13 | B20: TIENDA VALENCIA | C20: C | D20: C.2
A21: 14 | B21: VIGO | C21: B | D21: B.1
A22: 15 | B22: BILBAO | C22: B | D22: B.1
A23: 20 | B23: SANCHINARRO | C23: A | D23: A.1
A24: 21 | B24: PRINCESA | C24: C | D24: C.1
A25: 27 | B25: PRECIADOS | C25: B | D25: B.2
... A29: 64 | B29: SOTO | C29: C | D29: C.2
A30: 67 | B30: OUTLET
A31: 68 | B31: GOYA | C31: A | D31: A.2
A32: 69 | B32: GENIL | C32: C | D32: C.1
A33: 70 | B33: MG | C33: A | D33: A.2
A34: 71 | B34: LEON | C34: C | D34: C.2
A35: 78 | B35: ALICANTE | C35: C | D35: C.2
A36: 80 | B36: NERVIÓN | C36: C | D36: C.2
A37: 81 | B37: MOTRIL | C37: C | D37: C.2
A38: 83 | B38: PUERTO | C38: C | D38: C.2
A39: 92 | B39: CORUÑA | C39: B | D39: B.1
A40: 93 | B40: SANTANDER | C40: B | D40: B.1
A41: 103 | B41: ZENIA | C41: A | D41: A.2
A42: 106 | B42: FR VALLADOLID | C42: C | D42: C.2
... A49: 124 | B49: CASTELLÓN | C49: C | D49: C.1

Sheet Pool sustitutos
A1: Pool de sustitutos de otras temporadas — ya categorizados y asignados a tramo
A2: Fuente: STOCK 9 SEPT 26.xlsx, pestaña Hoja2 (categoría de diseño A/B/C y tramo de tienda ya asignados). Stock a fecha 9/9/2026. Las columnas G a L se calculan con fórmulas.
A4: FAMILIA | B4: REFERENCIA | C4: DESCRIPCIÓN | D4: CATEGORÍA (A/B/C) | E4: TRAMO | F4: ESTAC | G4: Nº TALLAS | H4: STOCK TOTAL | I4: Nº TIENDAS QUE LO RECIBEN | J4: STOCK / TIENDA | K4: STOCK / TIENDA / TALLA | L4: AVISO
A5: CAMISA | B5: 225020310341 | C5: CAMISA JOY PIQUE MARINO OSCURO | D5: A | E5: A.1 | F5: ATEM | G5: 7 | H5: 35 | I5: =INDEX('Tiendas por tramo'!$C$5:$C$10,MATCH(E5,'Tiendas por tramo'!$A$5:$A$10,0)) -> 4 | J5: =IFERROR(H5/I5,"") -> 8.75 | K5: =IFERROR(J5/G5,"") -> 1.25 | L5: =IF(K5<1,"⚠ revisar stock","")
A6: CAMISA | B6: 225020371218 | C6: CAMISA VILLAGE DOPO CRUDO | D6: A | E6: A.1 | F6: INV | G6: 7 | H6: 31 | I6: =INDEX('Tiendas por tramo'!$C$5:$C$10,MATCH(E6,'Tiendas por tramo'!$A$5:$A$10,0)) -> 4 | J6: =IFERROR(H6/I6,"") -> 7.75 | K6: =IFERROR(J6/G6,"") -> 1.1071429 | L6: =IF(K6<1,"⚠ revisar stock","")
A7: CAMISA | B7: 225020371770 | C7: CAMISA VIYELA AZUL | D7: A | E7: A.1 | F7: INV | G7: 7 | H7: 52 | I7: =INDEX('Tiendas por tramo'!$C$5:$C$10,MATCH(E7,'Tiendas por tramo'!$A$5:$A$10,0)) -> 4 | J7: =IFERROR(H7/I7,"") -> 13 | K7: =IFERROR(J7/G7,"") -> 1.8571429 | L7: =IF(K7<1,"⚠ revisar stock","")
A8: CAMISA | B8: 225020371855 | C8: CAMISA MOSS TARTAN KHAKI | D8: A | E8: A.1 | F8: INV | G8: 7 | H8: 30 | I8: =INDEX('Tiendas por tramo'!$C$5:$C$10,MATCH(E8,'Tiendas por tramo'!$A$5:$A$10,0)) -> 4 | J8: =IFERROR(H8/I8,"") -> 7.5 | K8: =IFERROR(J8/G8,"") -> 1.0714286 | L8: =IF(K8<1,"⚠ revisar stock","")
A9: CAMISA | B9: 225020380843 | C9: CAMISA GALLO CELESTE | D9: A | E9: A.1 | F9: ATEM | G9: 7 | H9: 33 | I9: =INDEX('Tiendas por tramo'!$C$5:$C$10,MATCH(E9,'Tiendas por tramo'!$A$5:$A$10,0)) -> 4 | J9: =IFERROR(H9/I9,"") -> 8.25 | K9: =IFERROR(J9/G9,"") -> 1.1785714 | L9: =IF(K9<1,"⚠ revisar stock","")
A10: CAMISA | B10: 225020461316 | C10: CAMISA POLERA DOPO BLANCO | D10: A | E10: A.1 | F10: INV | G10: 7 | H10: 24 | I10: =INDEX('Tiendas por tramo'!$C$5:$C$10,MATCH(E10,'Tiendas por tramo'!$A$5:$A$10,0)) -> 4 | J10: =IFERROR(H10/I10,"") -> 6 | K10: =IFERROR(J10/G10,"") -> 0.85714286 | L10: =IF(K10<1,"⚠ revisar stock","") -> ⚠ revisar stock
A11: CAMISA | B11: 425020350140 | C11: CAMISA OXFORD RAYAS MARINO | D11: A | E11: A.1 | F11: ATEM | G11: 7 | H11: 43 | I11: =INDEX('Tiendas por tramo'!$C$5:$C$10,MATCH(E11,'Tiendas por tramo'!$A$5:$A$10,0)) -> 4 | J11: =IFERROR(H11/I11,"") -> 10.75 | K11: =IFERROR(J11/G11,"") -> 1.5357143 | L11: =IF(K11<1,"⚠ revisar stock","")
A12: CAMISA | B12: 225020320681 | C12: CAMISA FOREST TENCEL VERDE GRISACEO | D12: A | E12: A.2 | F12: ATEM | G12: 7 | H12: 95 | I12: =INDEX('Tiendas por tramo'!$C$5:$C$10,MATCH(E12,'Tiendas por tramo'!$A$5:$A$10,0)) -> 8 | J12: =IFERROR(H12/I12,"") -> 11.875 | K12: =IFERROR(J12/G12,"") -> 1.6964286 | L12: =IF(K12<1,"⚠ revisar stock","")
A13: CAMISA | B13: 225020372250 | C13: CAMISA AUTUMN TARTAN VERDE | D13: A | E13: A.2 | F13: INV | G13: 7 | H13: 65 | I13: =INDEX('Tiendas por tramo'!$C$5:$C$10,MATCH(E13,'Tiendas por tramo'!$A$5:$A$10,0)) -> 8 | J13: =IFERROR(H13/I13,"") -> 8.125 | K13: =IFERROR(J13/G13,"") -> 1.1607143 | L13: =IF(K13<1,"⚠ revisar stock","")
A14: CAMISA | B14: 425020310156 | C14: CAMISA SARGA OCEANO | D14: A | E14: A.2 | F14: ATEM | G14: 7 | H14: 45 | I14: =INDEX('Tiendas por tramo'!$C$5:$C$10,MATCH(E14,'Tiendas por tramo'!$A$5:$A$10,0)) -> 8 | J14: =IFERROR(H14/I14,"") -> 5.625 | K14: =IFERROR(J14/G14,"") -> 0.80357143 | L14: =IF(K14<1,"⚠ revisar stock","") -> ⚠ revisar stock
A15: CAMISA | B15: 425020320150 | C15: CAMISA ESTRUCTURA VERDE | D15: A | E15: A.2 | F15: ATEM | G15: 7 | H15: 47 | I15: =INDEX('Tiendas por tramo'!$C$5:$C$10,MATCH(E15,'Tiendas por tramo'!$A$5:$A$10,0)) -> 8 | J15: =IFERROR(H15/I15,"") -> 5.875 | K15: =IFERROR(J15/G15,"") -> 0.83928571 | L15: =IF(K15<1,"⚠ revisar stock","") -> ⚠ revisar stock
A16: CAMISA | B16: 425020350168 | C16: CAMISA OXFORD RAYAS ROSA | D16: A | E16: A.2 | F16: ATEM | G16: 7 | H16: 100 | I16: =INDEX('Tiendas por tramo'!$C$5:$C$10,MATCH(E16,'Tiendas por tramo'!$A$5:$A$10,0)) -> 8 | J16: =IFERROR(H16/I16,"") -> 12.5 | K16: =IFERROR(J16/G16,"") -> 1.7857143 | L16: =IF(K16<1,"⚠ revisar stock","")
... A108: SUDADERA | B108: 225051560350 | C108: SUDADERA MOTO RACER VERDE | D108: C | E108: C.1 | F108: ATEM | G108: 7 | H108: 52 | I108: =INDEX('Tiendas por tramo'!$C$5:$C$10,MATCH(E108,'Tiendas por tramo'!$A$5:$A$10,0)) -> 3 | J108: =IFERROR(H108/I108,"") -> 17.333333 | K108: =IFERROR(J108/G108,"") -> 2.4761905 | L108: =IF(K108<1,"⚠ revisar stock","")

Sheet Riesgo ADULTO
A1: Artículos W26 de ADULTO en riesgo (aún sin cubrir a 9/9/2026)
A2: Alcance: familias con pool de sustitutos ya categorizado (CAMISA, POLO, JERSEY, CAMISETA, PARKA, SUDADERA, CARDIGAN). Excluye Pantalón (llega de proveedor), complementos/calzado y Niño — quedan fuera por decisión de Leyre por ahora.
A3: Columnas F-H: sustituto propuesto. Las filas revisadas con foto real (ver comentario '[ALTA/MEDIA/BAJA] revisado con foto') ya han sido corregidas a mano tras comparar imágenes; el resto sigue siendo una propuesta automática por texto (familia + palabras de estilo), sin confirmar visualmente todavía.
A5: FAMILIA | B5: MES ENTREGA PREVISTA | C5: ARTÍCULO W26 | D5: DESCRIPCIÓN | E5: ESTADO 9/9 | F5: SUSTITUTO PROPUESTO (referencia) | G5: TRAMO ASIGNADO | H5: COMENTARIO
A6: CAMISA | B6: AGOSTO | C6: 226020310265 | D6: CAMISA FOREST TENCEL BURDEOS | F6: 225020320681 — CAMISA FOREST TENCEL VERDE GRISACEO | G6: A.2 | H6: [ALTA] coincidencia de estilo
A7: CAMISA | B7: AGOSTO | C7: 226020320441 | D7: CAMISA OXFORD SOFT MARINO | F7: 425020350168 — CAMISA OXFORD RAYAS ROSA | G7: A.2 | H7: [MEDIA] coincidencia de estilo
A8: CAMISA | B8: AGOSTO | C8: 226020340543 | D8: CAMISA OXFORD RAYA SPORT FINA CELESTE | F8: 425020350168 — CAMISA OXFORD RAYAS ROSA | G8: A.2 | H8: [MEDIA] coincidencia de estilo
A9: CAMISA | B9: AGOSTO | C9: 226020350150 | D9: CAMISA OXFORD MULTI RAYAS VERDE | F9: 425020350168 — CAMISA OXFORD RAYAS ROSA | G9: A.2 | H9: [ALTA] coincidencia de estilo
A10: CAMISA | B10: AGOSTO | C10: 226020350283 | D10: CAMISA OXFORD RAYAS GRIS | F10: 425020350168 — CAMISA OXFORD RAYAS ROSA | G10: A.2 | H10: [ALTA] coincidencia de estilo
A11: CAMISA | B11: AGOSTO | C11: 226020350443 | D11: CAMISA OXFORD RAYAS CELESTE | F11: 425020350168 — CAMISA OXFORD RAYAS ROSA | G11: A.2 | H11: [ALTA] coincidencia de estilo
A12: CAMISA | B12: AGOSTO | C12: 226020370240 | D12: CAMISA CUADRO PEQUEÑO AZUL | F12: 425020370141 — CAMISA CUADRO VIYELA BURDEOS | G12: A.2 | H12: [MEDIA] coincidencia de estilo
A13: CAMISA | B13: AGOSTO | C13: 226020370350 | D13: CAMISA CUADRO DOPO COLOURS VERDE | F13: 425020370141 — CAMISA CUADRO VIYELA BURDEOS | G13: A.2 | H13: [MEDIA] coincidencia de estilo
A14: CAMISA | B14: AGOSTO | C14: 226020370441 | D14: CAMISA CUADRO DOPO MARINO | F14: 425020370141 — CAMISA CUADRO VIYELA BURDEOS | G14: A.2 | H14: [MEDIA] coincidencia de estilo
A15: CAMISA | B15: AGOSTO | C15: 226020510396 | D15: CAMISA DENIM POCKET AZUL CLARO | F15: 225020310771 — CAMISA WOOD POCKET BEIGE | G15: C.1 | H15: [MEDIA] coincidencia de estilo
A16: CAMISA | B16: OCTUBRE | C16: 226020350543 | D16: CAMISA OXFORD SOFT RAYAS CELESTE | F16: 425020350168 — CAMISA OXFORD RAYAS ROSA | G16: A.2 | H16: [ALTA] coincidencia de estilo
A17: CAMISA | B17: OCTUBRE | C17: 226020370183 | D17: CAMISA CASUAL GALLO GRIS | F17: 225020382641 — CAMISA GALLO MARINO | G17: C.2 | H17: [MEDIA] coincidencia de estilo
... A19: CAMISA | B19: OCTUBRE | C19: 226020370656 | D19: CAMISA CASUAL CUADRO TARTAN OCEANO | F19: 425020370141 — CAMISA CUADRO VIYELA BURDEOS | G19: A.2 | H19: [MEDIA] coincidencia de estilo
A20: CAMISA | B20: OCTUBRE | C20: 226020510192 | D20: CAMISA MICROPANA POCKETS BERENJENA | F20: SIN SUSTITUTO VÁLIDO | H20: [GAP] revisado con foto: mismo caso que la fila anterior (sobrecamisa con bolsillos, en pana) — el pool de CAMISA no tiene nada de corte similar.
A21: CAMISA | B21: SEPTIEMBRE | C21: 226020310250 | D21: CAMISA FOREST TENCEL VERDE | F21: 225020320681 — CAMISA FOREST TENCEL VERDE GRISACEO | G21: A.2 | H21: [ALTA] coincidencia de estilo
A22: CAMISA | B22: SEPTIEMBRE | C22: 226020310284 | D22: CAMISA FOREST TENCEL TOPO | F22: 225020320681 — CAMISA FOREST TENCEL VERDE GRISACEO | G22: A.2 | H22: [ALTA] coincidencia de estilo
A23: CAMISA | B23: SEPTIEMBRE | C23: 226020310292 | D23: CAMISA FOREST TENCEL BERENJENA | F23: 225020320681 — CAMISA FOREST TENCEL VERDE GRISACEO | G23: A.2 | H23: [ALTA] coincidencia de estilo
A24: CAMISA | B24: SEPTIEMBRE | C24: 226020340240 | D24: CAMISA OXFORD RAYAS POCKET CELESTE | F24: 425020350168 — CAMISA OXFORD RAYAS ROSA | G24: A.2 | H24: [ALTA] coincidencia de estilo
A25: CAMISA | B25: SEPTIEMBRE | C25: 226020350382 | D25: CAMISA OXFORD RAYAS POCKET AZUL GRISACEO | F25: 425020350168 — CAMISA OXFORD RAYAS ROSA | G25: A.2 | H25: [ALTA] coincidencia de estilo
A26: CAMISA | B26: SEPTIEMBRE | C26: 226020350643 | D26: CAMISA STRIPES SOFT CELESTE | F26: 225020380843 — CAMISA GALLO CELESTE | G26: A.1 | H26: [ALTA] revisado con foto: color y tejido casi idénticos al original (celeste clásica). Se cambia respecto a la propuesta automática (esa era en marino)
A27: CAMISA | B27: SEPTIEMBRE | C27: 226020370779 | D27: CAMISA CUADRO PEQUEÑO DOPO MARRON | F27: 425020370141 — CAMISA CUADRO VIYELA BURDEOS | G27: A.2 | H27: [MEDIA] coincidencia de estilo
A28: CAMISA | B28: SEPTIEMBRE | C28: 226020380341 | D28: CAMISA CUADRO VENTANA AZUL | F28: 425020370141 — CAMISA CUADRO VIYELA BURDEOS | G28: A.2 | H28: [MEDIA] coincidencia de estilo
A29: CAMISA | B29: SEPTIEMBRE | C29: 226020510255 | D29: CAMISA CASUAL POCKETS KHAKI | F29: SIN SUSTITUTO VÁLIDO | H29: [GAP] revisado con foto: es una camisa/sobrecamisa casual con bolsillos de parche — el pool de CAMISA solo tiene camisas de vestir clásicas, ninguna con ese corte. Recomiendo buscar en CHAQUETA o aceptar el hueco.
A30: CAMISETA | B30: AGOSTO | C30: 226010050216 | D30: CAMISETA CASCO FREE SPIRIT BLANCO | E30: 2º ENVIO | F30: 425010050116 — CAMISETA SCOTTA RACING BLANCO | G30: A.2 | H30: [MEDIA] revisado con foto: mismo color blanco, pero estampado grande vs logo pequeño del original
A31: CAMISETA | B31: AGOSTO | C31: 226010050782 | D31: CAMISETA MOTO SAVAGES AZUL GRISACEO | E31: 2º ENVIO | F31: 425010050116 — CAMISETA SCOTTA RACING BLANCO | G31: A.2 | H31: [ALTA] revisado con foto: mismo concepto gráfico moto/racing, aunque cambia color y colocación del estampado
A32: CAMISETA | B32: OCTUBRE | C32: 226010050841 | D32: CAMISETA WRENCHIN ORGANIC MARINO | E32: SIN REVISAR | F32: S25011365 — CAMISETA MANGA LARGA CLASSIC ORGANIC BURDEOS | G32: C.1 | H32: [MEDIA] coincidencia de estilo
A33: CAMISETA | B33: OCTUBRE | C33: 226010050988 | D33: CAMISETA MOUNTAIN DRIP GRIS HIELO | E33: SIN REVISAR | F33: 425010010165 — CAMISETA CLASSIC ORGANIC BURDEOS | G33: A.2 | H33: [MEDIA] revisado con foto: mejor que la propuesta automática (lisa, sin estampado grande, más parecida en concepto), pero cambia el color
A34: CARDIGAN | B34: SEPTIEMBRE | C34: 226041260141 | D34: CARDIGAN ZIP WOOL MARINO | E34: SIN REVISAR | F34: 225041360141 — CARDIGAN ENGLAND BUTTONS MARINO | G34: B.1 | H34: [MEDIA] revisado con foto: único cardigan disponible en el pool. Mismo color marino, pero es de botones y cuello polo (el original es cremallera y cuello mao).
A35: CARDIGAN | B35: SEPTIEMBRE | C35: 226041260192 | D35: CARDIGAN ZIP WOOL BERENJENA | E35: SIN REVISAR | F35: 225041360141 — CARDIGAN ENGLAND BUTTONS MARINO | G35: B.1 | H35: [BAJA] revisado con foto: único cardigan disponible; además de cambiar de botones/cuello, el color no coincide (marino vs berenjena del original).
A36: JERSEY | B36: OCTUBRE | C36: 226031270251 | D36: JERSEY CREW NECK OCHOS VERDE BOTELLA | E36: SIN REVISAR | F36: 225031270596 — JERSEY CREW NECK OCHOS DENIM | G36: A.2 | H36: [ALTA] coincidencia de estilo
A37: JERSEY | B37: OCTUBRE | C37: 226031270368 | D37: JERSEY NEPS WOOL ROSA | E37: SIN REVISAR | F37: 225031280241 — JERSEY V NECK WOOL MARINO | G37: A.2 | H37: [MEDIA] coincidencia de estilo
A38: JERSEY | B38: OCTUBRE | C38: 226031280165 | D38: JERSEY V NECK WOOL BURDEOS | E38: SIN REVISAR | F38: 225031280241 — JERSEY V NECK WOOL MARINO | G38: A.2 | H38: [ALTA] coincidencia de estilo
A39: JERSEY | B39: OCTUBRE | C39: 226031280175 | D39: JERSEY V NECK WOOL CAMEL | E39: SIN REVISAR | F39: 225031280241 — JERSEY V NECK WOOL MARINO | G39: A.2 | H39: [ALTA] coincidencia de estilo
A40: JERSEY | B40: OCTUBRE | C40: 226031280182 | D40: JERSEY V NECK WOOL AZUL GRISACEO | E40: SIN REVISAR | F40: 225031280241 — JERSEY V NECK WOOL MARINO | G40: A.2 | H40: [ALTA] coincidencia de estilo
A41: JERSEY | B41: OCTUBRE | C41: 226031290241 | D41: JERSEY ZIP OCHOS MARINO | E41: SIN REVISAR | F41: W22051971 — JERSEY ZIP BEIGE | G41: A.2 | H41: [MEDIA] coincidencia de estilo
... A56: SUDADERA | B56: SEPTIEMBRE | C56: 226051560141 | D56: SUDADERA SCT MARINO | E56: 2º ENVIO | F56: 225051560241 — SUDADERA LOGO MARINO | G56: C.1 | H56: [ALTA] revisado con foto: sustituye la propuesta automática (verde con estampado grande) por esta, lisa marino con logo pequeño — mucho más parecida al original.
